latitude,longitude,bright_ti4,scan,track,acq_date,acq_time,satellite,confidence,version,bright_ti5,frp,daynight
-39.45366,173.92815,344.8,0.48,0.65,2021-01-25,01:18,N,nominal,1.0NRT,291.1,7.8,D
-39.69648,174.53758,329.3,0.45,0.63,2021-01-25,01:18,N,nominal,1.0NRT,290.9,2.2,D
-39.69537,174.54025,338.7,0.34,0.56,2021-01-25,03:00,N,nominal,1.0NRT,293.2,3.2,D
-39.45355,173.93207,339,0.33,0.55,2021-01-25,03:00,N,nominal,1.0NRT,292.1,5.9,D
-39.45451,173.92844,340,0.33,0.55,2021-01-25,03:00,N,nominal,1.0NRT,289.4,3.6,D
-39.45739,173.93092,367,0.33,0.55,2021-01-25,03:00,N,high,1.0NRT,293.1,6.2,D
-37.20752,174.72374,333.5,0.41,0.6,2021-01-25,03:00,N,nominal,1.0NRT,297.3,3.1,D
-37.20207,174.7215,349.9,0.41,0.6,2021-01-25,03:00,N,nominal,1.0NRT,297.9,4.4,D
-38.22792,147.16489,367,0.56,0.69,2021-01-25,03:00,N,high,1.0NRT,304.7,10.1,D
-34.45952,150.88629,341.7,0.33,0.55,2021-01-25,03:00,N,nominal,1.0NRT,300.1,3.3,D
-34.45977,150.88263,336.8,0.33,0.55,2021-01-25,03:00,N,nominal,1.0NRT,300.5,3.3,D
-34.45483,150.87845,339,0.33,0.55,2021-01-25,03:00,N,nominal,1.0NRT,302.2,4.7,D
-34.45853,150.88409,345.3,0.33,0.55,2021-01-25,03:00,N,nominal,1.0NRT,300.4,5.1,D
-34.45389,150.87627,338.2,0.33,0.55,2021-01-25,03:00,N,nominal,1.0NRT,301.1,6.1,D
-34.0797,148.97987,341.2,0.42,0.61,2021-01-25,03:00,N,nominal,1.0NRT,302.1,4.7,D
-32.06628,152.1088,339.3,0.53,0.5,2021-01-25,03:00,N,nominal,1.0NRT,304.6,5.3,D
-32.27771,146.18793,367,0.58,0.7,2021-01-25,03:00,N,high,1.0NRT,313.3,28.2,D
-32.27744,146.19444,348.7,0.58,0.7,2021-01-25,03:00,N,nominal,1.0NRT,312.2,18.1,D
-32.278,146.1814,354.3,0.58,0.7,2021-01-25,03:00,N,nominal,1.0NRT,315.7,28.2,D
-32.27057,146.20068,367,0.58,0.7,2021-01-25,03:00,N,high,1.0NRT,314.4,30.3,D
-32.27112,146.18765,367,0.58,0.7,2021-01-25,03:00,N,high,1.0NRT,316.6,33,D
-32.27139,146.18111,367,0.58,0.7,2021-01-25,03:00,N,high,1.0NRT,318.4,33,D
-32.27084,146.19417,354.6,0.58,0.7,2021-01-25,03:00,N,nominal,1.0NRT,315.8,30.3,D
-32.27167,146.17456,346,0.58,0.7,2021-01-25,03:00,N,nominal,1.0NRT,309.1,26.9,D
-32.2648,146.18077,367,0.58,0.7,2021-01-25,03:00,N,high,1.0NRT,311,33,D
-32.26452,146.18732,345.4,0.58,0.7,2021-01-25,03:00,N,nominal,1.0NRT,309.4,33,D
-31.83164,151.47821,337.5,0.57,0.52,2021-01-25,03:00,N,nominal,1.0NRT,304.3,11.5,D
-32.12484,146.0872,354.7,0.59,0.7,2021-01-25,03:00,N,nominal,1.0NRT,312.5,12.5,D
-32.12801,146.08543,348.8,0.59,0.7,2021-01-25,03:00,N,nominal,1.0NRT,312.7,9.2,D
-31.51821,151.08264,341.3,0.6,0.53,2021-01-25,03:00,N,nominal,1.0NRT,307.4,7.1,D
-31.73978,146.33415,367,0.57,0.69,2021-01-25,03:00,N,high,1.0NRT,314.7,27.7,D
-31.16065,152.15717,334.7,0.51,0.5,2021-01-25,03:00,N,nominal,1.0NRT,302.9,9.6,D
-31.15553,152.16196,332.6,0.51,0.5,2021-01-25,03:00,N,low,1.0NRT,304.4,6.3,D
-31.0406,150.38551,343.9,0.32,0.55,2021-01-25,03:00,N,nominal,1.0NRT,307.8,2.7,D
-31.04034,150.38902,343.8,0.32,0.55,2021-01-25,03:00,N,nominal,1.0NRT,308.8,2.7,D
-45.49355,170.76039,331.9,0.51,0.41,2021-01-25,03:00,N,nominal,1.0NRT,292,6,D
-24.39689,151.96295,346.7,0.44,0.46,2021-01-25,03:06,N,nominal,1.0NRT,299.3,17.5,D
-24.39881,151.96425,347,0.44,0.46,2021-01-25,03:06,N,nominal,1.0NRT,300,22.8,D
-24.39452,151.96368,330.7,0.44,0.46,2021-01-25,03:06,N,nominal,1.0NRT,296.2,22.8,D
-24.33912,150.73206,347,0.52,0.5,2021-01-25,03:06,N,nominal,1.0NRT,293.2,8.2,D
-24.4097,149.7907,331.7,0.6,0.53,2021-01-25,03:06,N,nominal,1.0NRT,293.8,6.2,D
-24.16243,148.69205,367,0.35,0.56,2021-01-25,03:06,N,high,1.0NRT,296,11.3,D
-24.16275,148.68855,356.6,0.35,0.57,2021-01-25,03:06,N,nominal,1.0NRT,302.5,11.3,D
-24.24889,146.50458,338.2,0.48,0.64,2021-01-25,03:06,N,nominal,1.0NRT,299.2,2.7,D
-24.24286,146.50386,336.8,0.48,0.64,2021-01-25,03:06,N,nominal,1.0NRT,297.8,2.7,D
-23.234,149.86624,333.2,0.57,0.52,2021-01-25,03:06,N,nominal,1.0NRT,294.7,8.3,D
-23.22861,149.87126,367,0.57,0.52,2021-01-25,03:06,N,high,1.0NRT,294.8,18,D
-23.22806,149.87697,342,0.57,0.52,2021-01-25,03:06,N,nominal,1.0NRT,294.1,18,D
-23.22916,149.86566,343.9,0.57,0.52,2021-01-25,03:06,N,nominal,1.0NRT,295.2,8.3,D
-23.23089,149.86937,347.4,0.57,0.52,2021-01-25,03:06,N,nominal,1.0NRT,294.9,10.8,D
-23.23147,149.86377,340.2,0.57,0.52,2021-01-25,03:06,N,nominal,1.0NRT,295.1,10.8,D
-23.22546,149.8744,348.8,0.57,0.52,2021-01-25,03:06,N,nominal,1.0NRT,298.4,46.3,D
-23.22605,149.86876,338.5,0.57,0.52,2021-01-25,03:06,N,nominal,1.0NRT,294.3,27.2,D
-23.22063,149.87378,334.5,0.57,0.52,2021-01-25,03:06,N,nominal,1.0NRT,293.8,46.3,D
-22.99284,150.7504,347,0.5,0.49,2021-01-25,03:06,N,nominal,1.0NRT,293.6,15.2,D
-22.96338,150.43103,331.2,0.52,0.5,2021-01-25,03:06,N,nominal,1.0NRT,293,2.9,D
-22.86885,150.70206,332.7,0.5,0.49,2021-01-25,03:06,N,nominal,1.0NRT,290,3.3,D
-22.87889,149.66768,367,0.58,0.52,2021-01-25,03:06,N,high,1.0NRT,302.6,30.5,D
-22.87946,149.66196,367,0.58,0.52,2021-01-25,03:06,N,high,1.0NRT,302.2,30.5,D
-22.87831,149.67342,343.3,0.58,0.52,2021-01-25,03:06,N,nominal,1.0NRT,299.9,20,D
-22.86567,149.70097,341.6,0.58,0.52,2021-01-25,03:06,N,nominal,1.0NRT,301.3,15.5,D
-22.98936,148.1132,335.6,0.37,0.58,2021-01-25,03:06,N,low,1.0NRT,305.9,6.3,D
-22.8162,149.75339,367,0.57,0.52,2021-01-25,03:06,N,high,1.0NRT,299.4,17.8,D
-22.81874,149.7515,341.7,0.57,0.52,2021-01-25,03:06,N,nominal,1.0NRT,296.9,5.6,D
-22.81325,149.75694,342.2,0.57,0.52,2021-01-25,03:06,N,nominal,1.0NRT,298.8,16.7,D
-22.81386,149.75111,346.3,0.57,0.52,2021-01-25,03:06,N,nominal,1.0NRT,295.9,16.7,D
-23.02377,147.48552,367,0.4,0.6,2021-01-25,03:06,N,high,1.0NRT,303.1,43,D
-22.80536,149.73839,331.9,0.58,0.52,2021-01-25,03:06,N,nominal,1.0NRT,293.7,7,D
-23.02413,147.48155,348.8,0.4,0.6,2021-01-25,03:06,N,nominal,1.0NRT,301.4,30.1,D
-22.84431,148.78345,334.3,0.33,0.55,2021-01-25,03:06,N,nominal,1.0NRT,297.4,3,D
-22.45873,147.211,367,0.41,0.61,2021-01-25,03:06,N,high,1.0NRT,299.4,10.4,D
-22.45731,147.22748,355.2,0.41,0.61,2021-01-25,03:06,N,nominal,1.0NRT,300.2,12.6,D
-22.45766,147.22337,343.5,0.41,0.61,2021-01-25,03:06,N,nominal,1.0NRT,299.7,8.2,D
-22.45802,147.21925,354.2,0.41,0.61,2021-01-25,03:06,N,nominal,1.0NRT,299.6,8.2,D
-22.45838,147.21513,347.6,0.41,0.61,2021-01-25,03:06,N,nominal,1.0NRT,299.1,10.4,D
-22.44844,147.26401,340.5,0.41,0.61,2021-01-25,03:06,N,nominal,1.0NRT,293.8,5.6,D
-22.4495,147.25162,333.1,0.41,0.61,2021-01-25,03:06,N,nominal,1.0NRT,298.2,5.9,D
-22.45163,147.22687,332.5,0.41,0.61,2021-01-25,03:06,N,nominal,1.0NRT,298.6,5.9,D
-22.44656,147.26358,332.7,0.41,0.61,2021-01-25,03:06,N,nominal,1.0NRT,293.7,4.8,D
-22.0979,149.51656,337.3,0.58,0.52,2021-01-25,03:06,N,nominal,1.0NRT,295.1,6.5,D
-22.34015,145.01891,348.3,0.57,0.69,2021-01-25,03:06,N,nominal,1.0NRT,301.9,9.4,D
-21.59617,147.32045,332.5,0.4,0.6,2021-01-25,03:06,N,nominal,1.0NRT,299.6,2,D
-21.59835,147.32054,334.5,0.4,0.6,2021-01-25,03:06,N,nominal,1.0NRT,299.5,3.6,D
-21.09736,148.3662,343.3,0.34,0.56,2021-01-25,03:06,N,nominal,1.0NRT,301.9,3.7,D
-21.09221,148.36522,352.5,0.34,0.56,2021-01-25,03:06,N,nominal,1.0NRT,300.8,6.4,D
-20.90023,147.1801,344.9,0.4,0.6,2021-01-25,03:06,N,nominal,1.0NRT,297.7,6.2,D
-20.26213,146.87692,346.9,0.41,0.61,2021-01-25,03:06,N,nominal,1.0NRT,301.9,8.5,D
-20.25928,146.87718,342.4,0.41,0.61,2021-01-25,03:06,N,nominal,1.0NRT,300.6,4.3,D
-20.25968,146.87308,334.4,0.41,0.61,2021-01-25,03:06,N,nominal,1.0NRT,301,4.3,D
-22.45909,147.20683,352.1,0.41,0.61,2021-01-25,03:06,N,nominal,1.0NRT,299.5,11.1,D
-29.57483,149.18825,339.4,0.37,0.58,2021-01-25,03:06,N,nominal,1.0NRT,306.3,5.5,D
-29.57512,149.18431,336.5,0.37,0.58,2021-01-25,03:06,N,nominal,1.0NRT,306.4,4.2,D
-29.56939,149.18773,341.5,0.37,0.58,2021-01-25,03:06,N,nominal,1.0NRT,306.1,5.8,D
-29.22628,149.6176,367,0.34,0.56,2021-01-25,03:06,N,high,1.0NRT,313.6,21.1,D
-29.22657,149.61395,348.6,0.35,0.56,2021-01-25,03:06,N,nominal,1.0NRT,305,21.1,D
-29.22071,149.62074,342.7,0.34,0.56,2021-01-25,03:06,N,nominal,1.0NRT,308.4,74.2,D
-29.22099,149.61708,354.2,0.34,0.56,2021-01-25,03:06,N,nominal,1.0NRT,321.9,69.2,D
-29.22128,149.61343,283.9,0.35,0.56,2021-01-25,03:06,N,low,1.0NRT,301.6,69.2,D
-29.21315,149.64935,339.4,0.34,0.56,2021-01-25,03:06,N,nominal,1.0NRT,300.5,13.3,D
-29.21344,149.64572,355.4,0.34,0.56,2021-01-25,03:06,N,nominal,1.0NRT,309.8,19.8,D
-28.71549,147.65059,341.8,0.45,0.63,2021-01-25,03:06,N,nominal,1.0NRT,310.4,8.3,D
-28.31461,151.97052,341.2,0.49,0.48,2021-01-25,03:06,N,nominal,1.0NRT,305.6,9.4,D
-28.54807,148.16315,338.9,0.42,0.61,2021-01-25,03:06,N,low,1.0NRT,309.6,4,D
-28.54654,148.16371,338.7,0.42,0.61,2021-01-25,03:06,N,low,1.0NRT,309.8,2.6,D
-28.54687,148.15935,335.9,0.42,0.61,2021-01-25,03:06,N,low,1.0NRT,308.6,3.6,D
-27.84494,148.80537,345.2,0.37,0.58,2021-01-25,03:06,N,nominal,1.0NRT,304.1,6.6,D
-27.52146,149.10481,353.5,0.36,0.57,2021-01-25,03:06,N,nominal,1.0NRT,300.7,5.9,D
-27.51612,149.10419,367,0.36,0.57,2021-01-25,03:06,N,low,1.0NRT,289.4,4,D
-27.41697,150.06854,346,0.62,0.54,2021-01-25,03:06,N,nominal,1.0NRT,304.1,7.2,D
-27.2934,148.43117,367,0.39,0.59,2021-01-25,03:06,N,high,1.0NRT,304.3,5.4,D
-27.28784,148.43069,330.7,0.39,0.59,2021-01-25,03:06,N,nominal,1.0NRT,298,5.4,D
-27.28864,148.43323,339.7,0.39,0.59,2021-01-25,03:06,N,nominal,1.0NRT,299,2.2,D
-27.0995,148.36784,367,0.39,0.59,2021-01-25,03:06,N,high,1.0NRT,305.6,13,D
-27.09919,148.37186,336.4,0.39,0.59,2021-01-25,03:06,N,nominal,1.0NRT,296.5,19.3,D
-27.09392,148.36737,367,0.39,0.59,2021-01-25,03:06,N,high,1.0NRT,301.4,13,D
-26.79562,148.21753,331.6,0.4,0.6,2021-01-25,03:06,N,low,1.0NRT,303.2,4.1,D
-26.79594,148.21335,350.6,0.4,0.6,2021-01-25,03:06,N,nominal,1.0NRT,303.2,4.1,D
-26.23984,149.41998,352,0.33,0.55,2021-01-25,03:06,N,nominal,1.0NRT,301.1,6.7,D
-26.24012,149.41663,332.4,0.33,0.55,2021-01-25,03:06,N,nominal,1.0NRT,301.2,5.1,D
-26.23896,149.42044,351.1,0.33,0.55,2021-01-25,03:06,N,nominal,1.0NRT,302.2,6.5,D
-26.23927,149.41711,339.6,0.33,0.55,2021-01-25,03:06,N,nominal,1.0NRT,300.9,6,D
-25.62395,150.85767,340.2,0.53,0.5,2021-01-25,03:06,N,nominal,1.0NRT,302.2,7.2,D
-25.61926,150.85713,332.5,0.53,0.5,2021-01-25,03:06,N,nominal,1.0NRT,300,7.2,D
-25.61978,150.85181,346.9,0.53,0.5,2021-01-25,03:06,N,nominal,1.0NRT,302.1,7.2,D
-24.40119,151.96352,341.7,0.44,0.46,2021-01-25,03:06,N,nominal,1.0NRT,296.6,17.5,D
-26.7388,147.64,338,0.6,0.7,2021-01-25,04:42,N,nominal,1.0NRT,299.8,8.1,D
-24.25853,146.50952,334.2,0.58,0.7,2021-01-25,04:42,N,nominal,1.0NRT,296.9,5.2,D
-24.257,146.51549,339.6,0.58,0.7,2021-01-25,04:42,N,nominal,1.0NRT,296.9,8.4,D
-24.16278,148.6942,331.3,0.78,0.78,2021-01-25,04:42,N,nominal,1.0NRT,289.2,4.9,D
-30.34903,124.33769,334.3,0.35,0.57,2021-01-25,04:42,N,nominal,1.0NRT,304.4,6.2,D
-30.34931,124.33394,367,0.35,0.57,2021-01-25,04:42,N,high,1.0NRT,305.2,6.9,D
-26.71962,147.6604,332.4,0.6,0.7,2021-01-25,04:42,N,nominal,1.0NRT,300,9.3,D
-26.72122,147.65421,367,0.6,0.7,2021-01-25,04:42,N,high,1.0NRT,302.1,9.3,D
-26.72601,147.66258,335.7,0.6,0.7,2021-01-25,04:42,N,nominal,1.0NRT,293.4,9.3,D
-26.73077,147.64415,367,0.6,0.7,2021-01-25,04:42,N,high,1.0NRT,300.8,20,D
-26.73721,147.64616,367,0.6,0.7,2021-01-25,04:42,N,high,1.0NRT,300.7,26.1,D
-26.72054,147.65009,330,0.6,0.7,2021-01-25,04:42,N,nominal,1.0NRT,300.3,6.1,D
-26.7189,147.65627,340.9,0.6,0.7,2021-01-25,04:42,N,nominal,1.0NRT,299.6,6.1,D
-26.72853,147.64621,330.9,0.6,0.7,2021-01-25,04:42,N,nominal,1.0NRT,300.4,5.1,D
-26.72692,147.65228,331.9,0.6,0.7,2021-01-25,04:42,N,nominal,1.0NRT,300.1,6.1,D
-26.7253,147.6584,367,0.6,0.7,2021-01-25,04:42,N,high,1.0NRT,301.2,6.1,D
-26.73659,147.64206,367,0.6,0.7,2021-01-25,04:42,N,high,1.0NRT,299.4,13.1,D
-26.73497,147.64818,367,0.6,0.7,2021-01-25,04:42,N,high,1.0NRT,299.4,13.1,D
-26.74303,147.64401,340.6,0.6,0.7,2021-01-25,04:42,N,nominal,1.0NRT,299.9,13.1,D
-30.86499,121.49418,367,0.52,0.67,2021-01-25,04:42,N,high,1.0NRT,302.6,13.4,D
-27.09446,148.37114,334.8,0.64,0.72,2021-01-25,04:42,N,nominal,1.0NRT,297.5,27.7,D
-27.09933,148.37987,367,0.64,0.72,2021-01-25,04:42,N,high,1.0NRT,302,27.7,D
-27.09672,148.36871,354,0.64,0.72,2021-01-25,04:42,N,nominal,1.0NRT,294.2,10.1,D
-27.10153,148.3775,351.8,0.64,0.72,2021-01-25,04:42,N,nominal,1.0NRT,300.6,36.9,D
-27.09978,148.38394,367,0.64,0.72,2021-01-25,04:42,N,high,1.0NRT,299.5,50,D
-27.29013,148.4324,337.1,0.64,0.72,2021-01-25,04:42,N,nominal,1.0NRT,298.4,5.1,D
-27.51752,149.10442,336.3,0.69,0.74,2021-01-25,04:42,N,nominal,1.0NRT,295.1,4.5,D
-29.20388,149.63835,337,0.67,0.74,2021-01-25,04:42,N,nominal,1.0NRT,295.3,30.6,D
-29.20584,149.63136,367,0.67,0.74,2021-01-25,04:42,N,high,1.0NRT,302.1,54.3,D
-29.21922,149.63608,342.4,0.67,0.74,2021-01-25,04:42,N,nominal,1.0NRT,297.5,12.9,D
-29.21727,149.64307,344.2,0.67,0.74,2021-01-25,04:42,N,nominal,1.0NRT,297.1,13.6,D
-29.2198,149.63416,330.9,0.67,0.74,2021-01-25,04:42,N,nominal,1.0NRT,297.4,7.9,D
-29.21781,149.64113,346.8,0.67,0.74,2021-01-25,04:42,N,nominal,1.0NRT,297.2,7.9,D
-29.21581,149.64812,336.3,0.67,0.74,2021-01-25,04:42,N,nominal,1.0NRT,294.7,9.7,D
-29.57367,149.18864,339.6,0.62,0.71,2021-01-25,04:42,N,nominal,1.0NRT,302.8,11.2,D
-31.74388,146.33122,350.2,0.38,0.59,2021-01-25,04:42,N,nominal,1.0NRT,316.9,12.2,D
-31.74286,146.33531,367,0.39,0.59,2021-01-25,04:42,N,high,1.0NRT,323.6,26.2,D
-31.04035,150.38828,331.4,0.66,0.73,2021-01-25,04:42,N,low,1.0NRT,302.8,4.3,D
-32.26846,146.17659,348.4,0.37,0.58,2021-01-25,04:42,N,nominal,1.0NRT,318.9,6.1,D
-32.26656,146.18439,355.8,0.37,0.58,2021-01-25,04:42,N,nominal,1.0NRT,321.7,6.9,D
-32.26562,146.18826,347.2,0.37,0.58,2021-01-25,04:42,N,nominal,1.0NRT,319.1,6.9,D
-32.26752,146.18048,367,0.37,0.58,2021-01-25,04:42,N,high,1.0NRT,323.4,6.1,D
-32.26958,146.17842,355.5,0.37,0.58,2021-01-25,04:42,N,nominal,1.0NRT,320.9,16.6,D
-32.26666,146.19003,350.6,0.37,0.58,2021-01-25,04:42,N,nominal,1.0NRT,320.2,11.1,D
-32.26861,146.1823,367,0.37,0.58,2021-01-25,04:42,N,high,1.0NRT,324.6,16.6,D
-32.26763,146.18616,367,0.37,0.58,2021-01-25,04:42,N,high,1.0NRT,323.5,11.1,D
-32.27483,146.18021,356.3,0.37,0.58,2021-01-25,04:42,N,nominal,1.0NRT,320.6,16.6,D
-32.27289,146.18793,353.5,0.37,0.58,2021-01-25,04:42,N,nominal,1.0NRT,323.5,11.1,D
-32.28066,146.15692,367,0.37,0.58,2021-01-25,04:42,N,high,1.0NRT,322.5,14.2,D
-32.27386,146.18405,367,0.37,0.58,2021-01-25,04:42,N,high,1.0NRT,334.2,16.6,D
-32.26998,146.19957,367,0.37,0.58,2021-01-25,04:42,N,high,1.0NRT,325.5,17,D
-32.27815,146.18971,349.8,0.37,0.58,2021-01-25,04:42,N,nominal,1.0NRT,321.8,6.5,D
-32.27718,146.1936,354.1,0.37,0.58,2021-01-25,04:42,N,nominal,1.0NRT,323.3,6.5,D
-32.27912,146.18584,367,0.37,0.58,2021-01-25,04:42,N,high,1.0NRT,321.6,9.1,D
-32.64051,145.95555,339.9,0.35,0.57,2021-01-25,04:42,N,nominal,1.0NRT,302.6,7.8,D
-32.64144,145.94658,338.4,0.35,0.57,2021-01-25,04:42,N,nominal,1.0NRT,298.3,5.4,D
-32.97611,146.26918,348.5,0.36,0.57,2021-01-25,04:42,N,nominal,1.0NRT,309.7,7.5,D
-32.98129,146.27103,367,0.36,0.57,2021-01-25,04:42,N,high,1.0NRT,314.4,7.5,D
-32.98649,146.27278,348.2,0.36,0.57,2021-01-25,04:42,N,nominal,1.0NRT,308.9,13.8,D
-32.98554,146.27664,367,0.36,0.57,2021-01-25,04:42,N,high,1.0NRT,306.1,42,D
-32.98978,146.28233,367,0.36,0.57,2021-01-25,04:42,N,high,1.0NRT,299.4,42,D
-32.99591,146.28033,356.3,0.36,0.57,2021-01-25,04:42,N,nominal,1.0NRT,299,12.8,D
-32.99496,146.28419,367,0.36,0.57,2021-01-25,04:42,N,high,1.0NRT,302.7,12.8,D
-33.00014,146.28607,367,0.36,0.57,2021-01-25,04:42,N,high,1.0NRT,292.5,12.8,D
-32.99404,146.28003,350,0.36,0.57,2021-01-25,04:42,N,nominal,1.0NRT,303.6,22.6,D
-32.99307,146.28391,367,0.36,0.57,2021-01-25,04:42,N,high,1.0NRT,296.8,22.6,D
-32.99825,146.28575,367,0.36,0.57,2021-01-25,04:42,N,high,1.0NRT,297.1,22.6,D
-34.08419,148.97421,355.3,0.47,0.64,2021-01-25,04:42,N,nominal,1.0NRT,299.5,13,D
-34.08209,148.98207,367,0.47,0.64,2021-01-25,04:42,N,high,1.0NRT,303.8,13,D
-34.07902,148.97833,367,0.47,0.64,2021-01-25,04:42,N,high,1.0NRT,301.5,11.4,D
-34.08474,148.98079,367,0.47,0.64,2021-01-25,04:42,N,high,1.0NRT,302,11.4,D
-34.46085,150.8851,330.6,0.57,0.69,2021-01-25,04:42,N,nominal,1.0NRT,299,6.6,D
-24.00317,131.55373,336,0.4,0.37,2021-01-25,04:48,N,nominal,1.0NRT,307.9,2.4,D
-22.4497,147.25572,332.5,0.71,0.75,2021-01-25,04:48,N,nominal,1.0NRT,297,10.2,D
-22.44793,147.26271,367,0.71,0.75,2021-01-25,04:48,N,high,1.0NRT,296.3,10.2,D
-22.44713,147.25694,338.7,0.71,0.75,2021-01-25,04:48,N,nominal,1.0NRT,296.1,15.4,D
-22.44532,147.2639,367,0.71,0.75,2021-01-25,04:48,N,high,1.0NRT,294.9,23.8,D
-22.97922,147.3895,343.4,0.7,0.75,2021-01-25,04:48,N,nominal,1.0NRT,293.3,11.3,D
-22.98468,147.38771,335.1,0.7,0.75,2021-01-25,04:48,N,nominal,1.0NRT,294.5,10.4,D
-23.01901,147.48387,337.2,0.71,0.75,2021-01-25,04:48,N,nominal,1.0NRT,293.3,7.5,D
-23.0226,147.49121,331.7,0.71,0.75,2021-01-25,04:48,N,nominal,1.0NRT,292.7,9.2,D
-24.23745,146.51514,337.7,0.59,0.7,2021-01-25,04:48,N,nominal,1.0NRT,298.3,8.8,D
-24.25183,146.51251,367,0.59,0.7,2021-01-25,04:48,N,low,1.0NRT,291.5,9.8,D
-24.25334,146.50645,333.9,0.58,0.7,2021-01-25,04:48,N,nominal,1.0NRT,288.6,9.8,D
-18.06542,138.29131,334.2,0.49,0.48,2021-01-25,04:48,N,nominal,1.0NRT,301.5,7.9,D
-17.78414,138.01433,335.2,0.47,0.48,2021-01-25,04:48,N,nominal,1.0NRT,301,4.4,D
-20.07148,119.79672,347.6,0.52,0.67,2021-01-25,04:48,N,nominal,1.0NRT,301.7,9,D
-20.07192,119.79155,347.3,0.52,0.67,2021-01-25,04:48,N,nominal,1.0NRT,302.5,9,D
-20.07323,119.77595,340.1,0.53,0.67,2021-01-25,04:48,N,nominal,1.0NRT,304.5,8.3,D
-20.07366,119.77071,338.4,0.53,0.67,2021-01-25,04:48,N,nominal,1.0NRT,300.6,8.3,D
-20.0741,119.76548,344.9,0.53,0.67,2021-01-25,04:48,N,nominal,1.0NRT,302,5.4,D
-20.06564,119.7909,367,0.52,0.67,2021-01-25,04:48,N,high,1.0NRT,303.8,9,D
-20.06608,119.78568,367,0.53,0.67,2021-01-25,04:48,N,high,1.0NRT,303.5,17,D
-20.06694,119.77531,367,0.53,0.67,2021-01-25,04:48,N,high,1.0NRT,305.6,8.3,D
-20.06521,119.7961,336.8,0.52,0.67,2021-01-25,04:48,N,nominal,1.0NRT,302.3,9,D
-20.06651,119.78053,351,0.53,0.67,2021-01-25,04:48,N,nominal,1.0NRT,305.4,17,D
-20.06738,119.77009,351.9,0.53,0.67,2021-01-25,04:48,N,nominal,1.0NRT,301.1,8.3,D
-20.06781,119.76488,349.2,0.53,0.67,2021-01-25,04:48,N,nominal,1.0NRT,301.3,5.4,D
-20.05936,119.79028,367,0.52,0.67,2021-01-25,04:48,N,high,1.0NRT,300.9,10,D
-20.05893,119.79551,355.3,0.52,0.67,2021-01-25,04:48,N,nominal,1.0NRT,302.2,10,D
-20.0598,119.78507,331.1,0.53,0.67,2021-01-25,04:48,N,nominal,1.0NRT,299.7,7.2,D
-20.06023,119.77989,356.9,0.53,0.67,2021-01-25,04:48,N,nominal,1.0NRT,301.2,7.2,D
-20.06066,119.77465,337.5,0.53,0.67,2021-01-25,04:48,N,nominal,1.0NRT,300.5,4.6,D
-20.07578,119.77348,341.9,0.53,0.67,2021-01-25,04:48,N,nominal,1.0NRT,301.9,7.4,D
-20.06763,119.79363,367,0.52,0.67,2021-01-25,04:48,N,high,1.0NRT,304.1,15.5,D
-20.0695,119.7729,367,0.53,0.67,2021-01-25,04:48,N,high,1.0NRT,305,10.1,D
-20.0681,119.78846,345.7,0.52,0.67,2021-01-25,04:48,N,nominal,1.0NRT,303.8,12.9,D
-20.06856,119.78328,340.3,0.52,0.67,2021-01-25,04:48,N,nominal,1.0NRT,305,12.9,D
-20.06903,119.77809,337.5,0.53,0.67,2021-01-25,04:48,N,nominal,1.0NRT,305.3,10.1,D
-20.06997,119.76769,353.5,0.53,0.67,2021-01-25,04:48,N,nominal,1.0NRT,301.4,10.1,D
-20.07044,119.76247,340.3,0.53,0.67,2021-01-25,04:48,N,nominal,1.0NRT,301.1,10.1,D
-20.06135,119.79304,367,0.52,0.67,2021-01-25,04:48,N,high,1.0NRT,305.2,15.5,D
-20.06229,119.78267,367,0.52,0.67,2021-01-25,04:48,N,high,1.0NRT,302.3,12.9,D
-20.06089,119.79821,335.2,0.52,0.67,2021-01-25,04:48,N,nominal,1.0NRT,301.9,15.5,D
-20.06182,119.78783,351.9,0.52,0.67,2021-01-25,04:48,N,nominal,1.0NRT,299.7,12.9,D
-20.06275,119.77747,352.5,0.53,0.67,2021-01-25,04:48,N,nominal,1.0NRT,303.6,10.1,D
-20.06322,119.77227,352.2,0.53,0.67,2021-01-25,04:48,N,nominal,1.0NRT,301.3,10.1,D
-17.15816,137.64673,339.3,0.46,0.47,2021-01-25,04:48,N,nominal,1.0NRT,295.5,5,D
-17.08872,137.65588,337.4,0.46,0.47,2021-01-25,04:48,N,nominal,1.0NRT,298.5,5.5,D
-19.55546,139.93553,339.2,0.58,0.52,2021-01-25,04:48,N,nominal,1.0NRT,304.7,11.6,D
-19.56028,139.93655,346,0.58,0.52,2021-01-25,04:48,N,nominal,1.0NRT,305,11.6,D
-19.55912,139.94217,345.6,0.58,0.52,2021-01-25,04:48,N,nominal,1.0NRT,304.4,11.6,D
-19.5651,139.93759,346.6,0.58,0.52,2021-01-25,04:48,N,nominal,1.0NRT,304.9,13.1,D
-19.56395,139.94318,336.5,0.58,0.52,2021-01-25,04:48,N,nominal,1.0NRT,302,13.1,D
-19.56991,139.93861,367,0.58,0.52,2021-01-25,04:48,N,high,1.0NRT,301.4,13.1,D
-19.57472,139.93965,352.6,0.58,0.52,2021-01-25,04:48,N,nominal,1.0NRT,302.6,23.2,D
-19.58548,139.93619,345.3,0.58,0.52,2021-01-25,04:48,N,nominal,1.0NRT,290.1,11.8,D
-19.59028,139.93727,343.9,0.58,0.52,2021-01-25,04:48,N,nominal,1.0NRT,298.5,11.8,D
-19.59622,139.93277,339,0.58,0.52,2021-01-25,04:48,N,nominal,1.0NRT,294.6,2.8,D
-19.60103,139.93381,338.5,0.58,0.52,2021-01-25,04:48,N,nominal,1.0NRT,299.9,2.8,D
-19.61692,139.95461,336.7,0.58,0.52,2021-01-25,04:48,N,nominal,1.0NRT,298.8,10,D
-19.62173,139.95566,337.2,0.58,0.52,2021-01-25,04:48,N,nominal,1.0NRT,300.1,5.9,D
-20.30264,145.36703,339.3,0.61,0.71,2021-01-25,04:48,N,nominal,1.0NRT,299.1,2.3,D
-20.21748,145.89058,332.4,0.66,0.73,2021-01-25,04:48,N,nominal,1.0NRT,292.8,4.6,D
-20.46344,146.57361,344.9,0.71,0.75,2021-01-25,04:48,N,nominal,1.0NRT,292.6,18.3,D
-20.46175,146.58055,331.8,0.71,0.75,2021-01-25,04:48,N,nominal,1.0NRT,292.3,19.4,D
-20.46868,146.5824,367,0.71,0.75,2021-01-25,04:48,N,high,1.0NRT,294.4,19.4,D
-20.46179,146.571,333.6,0.71,0.75,2021-01-25,04:48,N,nominal,1.0NRT,292.3,5.6,D
-20.46008,146.57782,331.1,0.71,0.75,2021-01-25,04:48,N,nominal,1.0NRT,291.7,5.6,D
-20.46518,146.58699,339.8,0.71,0.75,2021-01-25,04:48,N,nominal,1.0NRT,292.8,20.4,D
-20.46705,146.57951,367,0.71,0.75,2021-01-25,04:48,N,high,1.0NRT,292.8,20.1,D
-22.33778,145.02232,352.8,0.53,0.67,2021-01-25,04:48,N,nominal,1.0NRT,304.1,10,D
-18.07432,138.29321,338.9,0.49,0.48,2021-01-25,04:48,N,nominal,1.0NRT,302.6,9,D
-18.07343,138.29787,336.6,0.49,0.48,2021-01-25,04:48,N,nominal,1.0NRT,301.7,9.2,D
-21.78167,118.20908,341.2,0.69,0.74,2021-01-25,04:48,N,nominal,1.0NRT,308.6,4.5,D
-21.78914,118.20268,338.5,0.69,0.74,2021-01-25,04:48,N,nominal,1.0NRT,312,9.9,D
-21.78865,118.20967,367,0.69,0.74,2021-01-25,04:48,N,high,1.0NRT,311.6,9.9,D
-21.79565,118.21012,346.3,0.69,0.74,2021-01-25,04:48,N,nominal,1.0NRT,313.5,9.9,D
-21.81664,118.21136,338.2,0.69,0.74,2021-01-25,04:48,N,low,1.0NRT,312.2,4,D
-19.54295,139.93025,353,0.58,0.52,2021-01-25,04:48,N,nominal,1.0NRT,303.8,15.9,D
-19.54777,139.93126,346.3,0.58,0.52,2021-01-25,04:48,N,nominal,1.0NRT,305.5,17.1,D
-18.06453,138.29593,336.6,0.49,0.48,2021-01-25,04:48,N,nominal,1.0NRT,300.2,6.6,D
-19.54665,139.93687,337.7,0.58,0.52,2021-01-25,04:48,N,nominal,1.0NRT,303.5,9.9,D
-19.55147,139.9379,345.9,0.58,0.52,2021-01-25,04:48,N,nominal,1.0NRT,303.7,9.9,D
-19.55629,139.93892,337.2,0.58,0.52,2021-01-25,04:48,N,nominal,1.0NRT,303.4,15,D
-19.56111,139.93994,355.5,0.58,0.52,2021-01-25,04:48,N,nominal,1.0NRT,305.4,15,D
-19.56705,139.93533,341.7,0.58,0.52,2021-01-25,04:48,N,nominal,1.0NRT,303.4,14,D
-19.56593,139.94096,343,0.58,0.52,2021-01-25,04:48,N,nominal,1.0NRT,303,14.2,D
-19.57185,139.9364,344.6,0.58,0.52,2021-01-25,04:48,N,nominal,1.0NRT,303,14,D
-19.57075,139.94199,333.1,0.58,0.52,2021-01-25,04:48,N,nominal,1.0NRT,297.8,14.2,D
-19.57666,139.93747,350.2,0.58,0.52,2021-01-25,04:48,N,nominal,1.0NRT,299.7,9.3,D
-22.68811,120.78216,367,0.6,0.71,2021-01-25,06:24,N,high,1.0NRT,314.7,11.7,D
-22.68668,120.77957,349.8,0.6,0.71,2021-01-25,06:24,N,nominal,1.0NRT,313.7,7.9,D
-31.52567,119.90395,367,0.34,0.56,2021-01-25,06:24,N,high,1.0NRT,300.8,5.9,D
-20.06075,119.79668,336.4,0.6,0.71,2021-01-25,06:30,N,nominal,1.0NRT,299.2,21.4,D
-20.0635,119.78504,367,0.6,0.7,2021-01-25,06:30,N,high,1.0NRT,301.7,20.8,D
-20.06212,119.79085,367,0.6,0.7,2021-01-25,06:30,N,high,1.0NRT,300.5,20.8,D
-20.07276,119.77495,334.1,0.6,0.7,2021-01-25,06:30,N,nominal,1.0NRT,297.9,8.9,D
-20.06863,119.79245,338.1,0.6,0.7,2021-01-25,06:30,N,nominal,1.0NRT,299.1,20.8,D
-21.77462,118.20496,351.4,0.44,0.63,2021-01-25,06:30,N,nominal,1.0NRT,313.3,19.9,D
-21.77366,118.20924,367,0.44,0.63,2021-01-25,06:30,N,high,1.0NRT,314.6,15.9,D
-21.77269,118.21354,367,0.44,0.63,2021-01-25,06:30,N,high,1.0NRT,313.1,15.9,D
-20.06764,119.76753,330.1,0.6,0.7,2021-01-25,06:30,N,nominal,1.0NRT,295.5,8,D
-21.78038,118.20631,352.6,0.44,0.63,2021-01-25,06:30,N,nominal,1.0NRT,323.7,25.9,D
-21.77845,118.21495,345.8,0.44,0.63,2021-01-25,06:30,N,nominal,1.0NRT,312,18.2,D
-21.77941,118.21063,367,0.44,0.63,2021-01-25,06:30,N,high,1.0NRT,316.7,18.2,D
-21.79857,118.20634,367,0.44,0.63,2021-01-25,06:30,N,high,1.0NRT,317,11.9,D
-21.78002,118.20282,356.2,0.44,0.62,2021-01-25,06:30,N,nominal,1.0NRT,314.2,94.1,D
-21.77803,118.21143,367,0.44,0.63,2021-01-25,06:30,N,high,1.0NRT,317.3,25.6,D
-21.77703,118.21571,367,0.44,0.63,2021-01-25,06:30,N,high,1.0NRT,313.5,25.6,D
-21.79725,118.20708,367,0.44,0.62,2021-01-25,06:30,N,high,1.0NRT,317.3,11.9,D
-21.78135,118.202,350.2,0.44,0.63,2021-01-25,06:30,N,nominal,1.0NRT,314.1,25.9,D
-20.06627,119.77335,356.7,0.6,0.7,2021-01-25,06:30,N,nominal,1.0NRT,298.6,8.9,D
-20.06489,119.77917,330.5,0.6,0.7,2021-01-25,06:30,N,nominal,1.0NRT,298.2,8.9,D
-21.66968,148.87987,307.5,0.63,0.72,2021-01-25,14:18,N,nominal,1.0NRT,286.9,1.3,N
-26.08755,151.73146,299.5,0.34,0.56,2021-01-25,14:18,N,nominal,1.0NRT,287.5,0.5,N
-26.15431,152.11655,313.1,0.32,0.55,2021-01-25,14:18,N,nominal,1.0NRT,288.2,1,N
-26.14926,152.1178,298.4,0.32,0.55,2021-01-25,14:18,N,nominal,1.0NRT,287.9,0.3,N
-26.15628,152.11475,311.3,0.32,0.55,2021-01-25,14:18,N,nominal,1.0NRT,288.3,0.7,N
-26.15123,152.11597,302.2,0.32,0.55,2021-01-25,14:18,N,nominal,1.0NRT,287.9,0.7,N
-25.87274,152.4541,315.1,0.63,0.54,2021-01-25,14:18,N,nominal,1.0NRT,287.6,2,N
-25.86781,152.45551,300,0.63,0.54,2021-01-25,14:18,N,nominal,1.0NRT,287.8,2,N
-25.42894,152.07568,317.8,0.34,0.56,2021-01-25,14:18,N,nominal,1.0NRT,287.8,0.7,N
-25.22126,151.46919,302.5,0.37,0.58,2021-01-25,14:18,N,nominal,1.0NRT,287.5,0.5,N
-25.21422,151.46306,301.2,0.37,0.58,2021-01-25,14:18,N,nominal,1.0NRT,288,0.7,N
-25.21251,151.45557,303.7,0.37,0.58,2021-01-25,14:18,N,nominal,1.0NRT,288,0.9,N
-25.20995,151.44438,300.4,0.37,0.58,2021-01-25,14:18,N,nominal,1.0NRT,287.7,1.1,N
-25.18966,151.45456,302.5,0.37,0.58,2021-01-25,14:18,N,nominal,1.0NRT,288.1,0.5,N
-25.17995,151.46149,300.1,0.37,0.58,2021-01-25,14:18,N,nominal,1.0NRT,287.6,0.4,N
-25.16841,151.48495,303.1,0.37,0.58,2021-01-25,14:18,N,nominal,1.0NRT,288,1.1,N
-25.16317,151.48671,302.4,0.37,0.58,2021-01-25,14:18,N,nominal,1.0NRT,287.5,0.5,N
-24.556,149.77591,313.4,0.48,0.65,2021-01-25,14:18,N,nominal,1.0NRT,287.5,1.1,N
-24.55483,149.77109,301.5,0.48,0.65,2021-01-25,14:18,N,nominal,1.0NRT,287.5,1.1,N
-24.55127,149.78249,314.8,0.48,0.65,2021-01-25,14:18,N,nominal,1.0NRT,287.2,2.4,N
-24.5501,149.77766,326.8,0.48,0.65,2021-01-25,14:18,N,nominal,1.0NRT,287.5,4.4,N
-24.16369,148.6879,302.9,0.57,0.69,2021-01-25,14:18,N,nominal,1.0NRT,288.5,0.7,N
-23.61975,146.59647,311.4,0.77,0.78,2021-01-25,14:18,N,nominal,1.0NRT,285.7,3.1,N
-24.40589,149.79205,305.1,0.48,0.65,2021-01-25,14:18,N,nominal,1.0NRT,287,0.7,N
-23.61817,146.59375,307.8,0.77,0.78,2021-01-25,14:18,N,nominal,1.0NRT,285.7,3.4,N
-24.40409,149.78835,302.5,0.48,0.65,2021-01-25,14:18,N,nominal,1.0NRT,287.2,1.5,N
-24.89318,152.12241,303.7,0.34,0.56,2021-01-25,14:18,N,nominal,1.0NRT,287.6,0.4,N
-24.89165,152.11562,306.2,0.34,0.56,2021-01-25,14:18,N,nominal,1.0NRT,287.9,0.8,N
-24.82458,151.91699,300.4,0.35,0.57,2021-01-25,14:18,N,nominal,1.0NRT,287.7,0.4,N
-23.63785,149.7993,302.4,0.5,0.66,2021-01-25,14:18,N,nominal,1.0NRT,286.4,2,N
-23.63774,149.79869,300.9,0.5,0.66,2021-01-25,14:18,N,nominal,1.0NRT,286,1.2,N
-23.02884,147.4845,335,0.71,0.75,2021-01-25,14:18,N,nominal,1.0NRT,288.9,6.9,N
-23.02201,147.48672,306,0.71,0.75,2021-01-25,14:18,N,nominal,1.0NRT,288.6,1.1,N
-23.02025,147.47989,303.1,0.71,0.75,2021-01-25,14:18,N,nominal,1.0NRT,288.9,1.1,N
-23.8658,151.29152,302.1,0.4,0.6,2021-01-25,14:18,N,nominal,1.0NRT,288.6,1.2,N
-23.86488,151.28754,303.1,0.4,0.6,2021-01-25,14:18,N,nominal,1.0NRT,289.4,1.2,N
-23.75373,151.18947,304.4,0.41,0.61,2021-01-25,14:18,N,nominal,1.0NRT,288.7,1.1,N
-23.77312,151.20935,299.9,0.41,0.61,2021-01-25,14:18,N,nominal,1.0NRT,287,0.7,N
-23.75731,151.19182,301.1,0.41,0.61,2021-01-25,14:18,N,nominal,1.0NRT,287.5,1,N
-23.75635,151.18761,304.3,0.41,0.61,2021-01-25,14:18,N,nominal,1.0NRT,288.5,1,N
-23.11927,150.65495,308.8,0.46,0.63,2021-01-25,14:18,N,nominal,1.0NRT,287.5,1.1,N
-22.87634,149.67041,301.6,0.53,0.67,2021-01-25,14:18,N,nominal,1.0NRT,287.6,0.6,N
-22.38243,149.15341,302.3,0.58,0.7,2021-01-25,14:18,N,nominal,1.0NRT,287.4,0.8,N
-21.67652,148.8508,302.4,0.63,0.72,2021-01-25,14:18,N,nominal,1.0NRT,287.2,1.6,N
-26.09265,151.72992,300.9,0.34,0.56,2021-01-25,14:18,N,nominal,1.0NRT,287,0.5,N
-21.67257,148.8457,300.3,0.63,0.72,2021-01-25,14:18,N,nominal,1.0NRT,286.8,0.8,N
-21.67373,148.87939,302.2,0.63,0.72,2021-01-25,14:18,N,nominal,1.0NRT,287.1,0.7,N
-37.20865,174.72101,300.6,0.67,0.73,2021-01-25,14:18,N,nominal,1.0NRT,287.2,1.6,N
-37.20166,174.7211,309.1,0.67,0.73,2021-01-25,14:18,N,nominal,1.0NRT,288,1.7,N
-31.4184,150.94406,303.5,0.58,0.52,2021-01-25,14:18,N,nominal,1.0NRT,288.2,2.5,N
-31.04097,150.38673,304.7,0.32,0.54,2021-01-25,14:18,N,nominal,1.0NRT,290.2,0.6,N
-31.28732,151.61298,317.2,0.54,0.51,2021-01-25,14:18,N,nominal,1.0NRT,285.3,2.3,N
-31.28623,151.61597,299.2,0.54,0.51,2021-01-25,14:18,N,nominal,1.0NRT,284.6,0.4,N
-31.28502,151.61053,301.7,0.54,0.51,2021-01-25,14:18,N,nominal,1.0NRT,284.5,0.9,N
-30.42491,151.44588,301.4,0.57,0.52,2021-01-25,14:18,N,nominal,1.0NRT,288.7,0.9,N
-30.18581,150.48999,304,0.33,0.55,2021-01-25,14:18,N,nominal,1.0NRT,288.4,0.6,N
-30.40186,151.76236,324.4,0.55,0.51,2021-01-25,14:18,N,nominal,1.0NRT,287.6,2.6,N
-29.78782,149.28537,324.8,0.39,0.59,2021-01-25,14:18,N,nominal,1.0NRT,292.7,2.7,N
-29.78682,149.2813,333.9,0.39,0.6,2021-01-25,14:18,N,nominal,1.0NRT,292.7,2.7,N
-29.57227,149.18565,307.2,0.4,0.6,2021-01-25,14:18,N,nominal,1.0NRT,292.2,0.6,N
-29.29305,149.36235,313.9,0.4,0.6,2021-01-25,14:18,N,nominal,1.0NRT,291.8,1.2,N
-29.29204,149.3582,305.2,0.4,0.6,2021-01-25,14:18,N,nominal,1.0NRT,291.7,1.2,N
-29.29102,149.35408,312,0.4,0.6,2021-01-25,14:18,N,nominal,1.0NRT,291.5,2.2,N
-29.28898,149.34579,301.8,0.4,0.6,2021-01-25,14:18,N,nominal,1.0NRT,289.6,1.2,N
-28.71706,147.65063,333,0.51,0.66,2021-01-25,14:18,N,nominal,1.0NRT,294.6,6.9,N
-29.2773,151.04285,331.3,0.32,0.55,2021-01-25,14:18,N,nominal,1.0NRT,291.3,2.1,N
-28.75714,151.01448,302.7,0.33,0.55,2021-01-25,14:18,N,nominal,1.0NRT,290.9,0.1,N
-28.76588,152.88863,300.6,0.51,0.5,2021-01-25,14:18,N,nominal,1.0NRT,288.9,0.6,N
-28.41043,152.54445,305.1,0.55,0.51,2021-01-25,14:18,N,nominal,1.0NRT,288.3,1,N
-28.33867,152.3773,299,0.56,0.52,2021-01-25,14:18,N,nominal,1.0NRT,286.2,0.7,N
-28.20706,151.79221,339.3,0.61,0.54,2021-01-25,14:18,N,nominal,1.0NRT,288.9,7,N
-27.97002,151.14291,304.3,0.34,0.56,2021-01-25,14:18,N,nominal,1.0NRT,290.6,1.3,N
-27.96921,151.13942,324.1,0.34,0.56,2021-01-25,14:18,N,nominal,1.0NRT,291.4,1.3,N
-27.96068,151.14958,307.9,0.34,0.56,2021-01-25,14:18,N,nominal,1.0NRT,290.5,1.3,N
-27.95905,151.14258,313.6,0.34,0.56,2021-01-25,14:18,N,nominal,1.0NRT,290.5,1.7,N
-27.95987,151.14609,328.9,0.34,0.56,2021-01-25,14:18,N,nominal,1.0NRT,290.8,1.7,N
-27.4708,149.50587,306.7,0.43,0.62,2021-01-25,14:18,N,nominal,1.0NRT,290.1,1.5,N
-27.46311,149.49921,305.6,0.43,0.62,2021-01-25,14:18,N,nominal,1.0NRT,290,1.2,N
-27.96966,151.66618,315.7,0.63,0.54,2021-01-25,14:18,N,nominal,1.0NRT,289.2,3.2,N
-27.1054,148.379,301.9,0.51,0.66,2021-01-25,14:18,N,nominal,1.0NRT,290.7,0.5,N
-27.09943,148.38113,314.8,0.51,0.66,2021-01-25,14:18,N,nominal,1.0NRT,292,1.5,N
-27.09808,148.37592,301.3,0.51,0.66,2021-01-25,14:18,N,nominal,1.0NRT,291.3,1.5,N
-27.09542,148.36568,305.8,0.51,0.66,2021-01-25,14:18,N,nominal,1.0NRT,291.2,1.5,N
-27.0977,148.36801,305.8,0.51,0.66,2021-01-25,14:18,N,nominal,1.0NRT,291.2,1.1,N
-27.10032,148.37837,324.5,0.51,0.66,2021-01-25,14:18,N,nominal,1.0NRT,292.7,3.3,N
-26.73483,147.64433,311,0.57,0.69,2021-01-25,14:18,N,nominal,1.0NRT,290.9,1.9,N
-26.72377,147.65433,303.7,0.57,0.69,2021-01-25,14:18,N,nominal,1.0NRT,290.7,1.4,N
-27.34545,150.23056,303.4,0.39,0.6,2021-01-25,14:18,N,nominal,1.0NRT,290.2,0.7,N
-27.34252,150.21855,306,0.39,0.6,2021-01-25,14:18,N,nominal,1.0NRT,290.3,1.4,N
-27.34349,150.22253,321,0.39,0.6,2021-01-25,14:18,N,nominal,1.0NRT,290.5,1.4,N
-27.33806,150.22421,303.2,0.39,0.6,2021-01-25,14:18,N,nominal,1.0NRT,290.5,1.4,N
-27.33709,150.2202,301.5,0.39,0.6,2021-01-25,14:18,N,nominal,1.0NRT,290.4,1.4,N
-26.72396,147.65384,301.8,0.57,0.69,2021-01-25,14:18,N,nominal,1.0NRT,290.9,0.6,N
-27.34444,150.22002,327.3,0.39,0.6,2021-01-25,14:18,N,nominal,1.0NRT,291,2.4,N
-27.33901,150.22169,311.4,0.39,0.6,2021-01-25,14:18,N,nominal,1.0NRT,290.2,1.2,N
-27.06664,149.61852,308.9,0.43,0.62,2021-01-25,14:18,N,nominal,1.0NRT,290.9,1.8,N
-27.06556,149.61409,310,0.43,0.62,2021-01-25,14:18,N,nominal,1.0NRT,290.8,1.7,N
-27.06449,149.60968,319.7,0.43,0.62,2021-01-25,14:18,N,nominal,1.0NRT,291.1,1.7,N
-27.06099,149.62025,306.6,0.43,0.62,2021-01-25,14:18,N,nominal,1.0NRT,290.9,2.3,N
-27.06206,149.62465,335.3,0.43,0.62,2021-01-25,14:18,N,nominal,1.0NRT,291.2,2.3,N
-27.47254,152.69119,302.1,0.56,0.52,2021-01-25,14:18,N,nominal,1.0NRT,289.3,1.5,N
-27.46657,152.6869,303.6,0.56,0.52,2021-01-25,14:18,N,nominal,1.0NRT,289.4,1.3,N
-27.34167,152.13713,313.9,0.61,0.53,2021-01-25,14:18,N,nominal,1.0NRT,287.4,2.2,N
-27.47339,152.69151,299.9,0.56,0.52,2021-01-25,14:18,N,nominal,1.0NRT,289.4,0.8,N
-27.46868,152.69284,299.9,0.56,0.52,2021-01-25,14:18,N,nominal,1.0NRT,289.2,0.8,N
-27.46747,152.68727,303.5,0.56,0.52,2021-01-25,14:18,N,nominal,1.0NRT,289.4,0.8,N
-27.34135,152.13725,313.6,0.61,0.53,2021-01-25,14:18,N,nominal,1.0NRT,287.5,2.1,N
-26.83849,150.71265,299.1,0.38,0.59,2021-01-25,14:18,N,nominal,1.0NRT,288.4,0.7,N
-26.53281,152.01128,299,0.32,0.55,2021-01-25,14:18,N,nominal,1.0NRT,287.9,0.9,N
-25.93287,149.55287,303.1,0.46,0.64,2021-01-25,14:18,N,nominal,1.0NRT,289.9,0.5,N
-25.95746,149.95418,327.7,0.44,0.62,2021-01-25,14:18,N,nominal,1.0NRT,289.9,4,N
-25.95836,149.95534,316.3,0.44,0.62,2021-01-25,14:18,N,nominal,1.0NRT,289.9,2.1,N
-25.95729,149.95088,315.6,0.44,0.62,2021-01-25,14:18,N,nominal,1.0NRT,289.6,2.9,N
-26.21754,151.67957,302.8,0.34,0.56,2021-01-25,14:18,N,nominal,1.0NRT,287.9,0.4,N
-34.08664,148.97505,340.1,0.33,0.55,2021-01-25,14:24,N,nominal,1.0NRT,299.4,11,N
-34.08593,148.97212,332.4,0.33,0.55,2021-01-25,14:24,N,nominal,1.0NRT,296.2,6.1,N
-34.08293,148.98199,367,0.32,0.55,2021-01-25,14:24,N,high,1.0NRT,299.5,9.8,N
-34.0822,148.97902,347.9,0.32,0.55,2021-01-25,14:24,N,nominal,1.0NRT,300.7,6,N
-34.08152,148.97626,347.2,0.33,0.55,2021-01-25,14:24,N,nominal,1.0NRT,300.8,6,N
-34.08086,148.97353,352.7,0.33,0.55,2021-01-25,14:24,N,nominal,1.0NRT,299.8,9.8,N
-34.07642,148.97751,320.5,0.33,0.55,2021-01-25,14:24,N,nominal,1.0NRT,296.5,6,N
-34.46774,150.89182,310.4,0.5,0.49,2021-01-25,14:24,N,nominal,1.0NRT,293.9,1.9,N
-34.46649,150.88638,310.5,0.5,0.49,2021-01-25,14:24,N,nominal,1.0NRT,292.1,1.5,N
-34.09568,148.98105,352.4,0.32,0.55,2021-01-25,14:24,N,nominal,1.0NRT,299.2,11.6,N
-34.09497,148.97818,367,0.32,0.55,2021-01-25,14:24,N,high,1.0NRT,298.1,11.6,N
-34.09061,148.98241,343.6,0.32,0.55,2021-01-25,14:24,N,nominal,1.0NRT,298.9,11.6,N
-34.08992,148.97964,367,0.32,0.55,2021-01-25,14:24,N,high,1.0NRT,306.5,11.6,N
-34.0892,148.97678,330.1,0.32,0.55,2021-01-25,14:24,N,nominal,1.0NRT,297.6,8.6,N
-34.08848,148.97386,324.4,0.32,0.55,2021-01-25,14:24,N,nominal,1.0NRT,296.2,8.6,N
-34.08481,148.9809,367,0.32,0.55,2021-01-25,14:24,N,high,1.0NRT,306.7,20.6,N
-34.0841,148.97803,337.6,0.32,0.55,2021-01-25,14:24,N,nominal,1.0NRT,300.6,6.1,N
-34.0834,148.97522,340.8,0.32,0.55,2021-01-25,14:24,N,nominal,1.0NRT,299.7,6.1,N
-37.20568,174.72375,310.5,0.67,0.73,2021-01-25,14:24,N,nominal,1.0NRT,288.2,3.2,N
-34.45504,150.87843,331.1,0.5,0.49,2021-01-25,14:24,N,nominal,1.0NRT,294.4,6.1,N
-34.46076,150.8824,328.6,0.5,0.49,2021-01-25,14:24,N,nominal,1.0NRT,293.7,2.7,N
-34.46202,150.88788,304.3,0.5,0.49,2021-01-25,14:24,N,nominal,1.0NRT,293.1,2.7,N
-34.50981,150.33516,303.3,0.54,0.51,2021-01-25,14:24,N,nominal,1.0NRT,291.1,1.7,N
-34.08271,148.97247,352.5,0.32,0.55,2021-01-25,14:24,N,nominal,1.0NRT,298.4,10.1,N
-34.07896,148.97914,326.4,0.32,0.55,2021-01-25,14:24,N,nominal,1.0NRT,298.2,6.1,N
-34.07827,148.97641,341.9,0.32,0.55,2021-01-25,14:24,N,nominal,1.0NRT,299.1,6.1,N
-34.09239,148.97646,316.3,0.32,0.55,2021-01-25,14:24,N,nominal,1.0NRT,295.9,11,N
-34.09378,148.98218,340.2,0.32,0.55,2021-01-25,14:24,N,nominal,1.0NRT,297.5,15.1,N
-34.0931,148.97937,367,0.32,0.55,2021-01-25,14:24,N,high,1.0NRT,310,15.1,N
-34.08803,148.98077,367,0.32,0.55,2021-01-25,14:24,N,high,1.0NRT,304.1,15.1,N
-34.08734,148.97794,344.5,0.32,0.55,2021-01-25,14:24,N,nominal,1.0NRT,300.3,11,N
-27.0645,149.61897,306.2,0.59,0.7,2021-01-25,16:00,N,nominal,1.0NRT,288.4,2.8,N
-27.3456,150.21944,299.6,0.65,0.73,2021-01-25,16:00,N,nominal,1.0NRT,286.6,2.2,N
-27.46932,149.50618,301.5,0.59,0.7,2021-01-25,16:00,N,nominal,1.0NRT,290.3,1.3,N
-27.96028,151.14995,300.8,0.74,0.76,2021-01-25,16:00,N,nominal,1.0NRT,287.9,1,N
-27.96715,151.14185,300.6,0.74,0.76,2021-01-25,16:00,N,nominal,1.0NRT,288.5,1,N
-27.96078,151.14552,303.9,0.74,0.76,2021-01-25,16:00,N,nominal,1.0NRT,288.3,2.7,N
-28.71906,147.64943,305.7,0.47,0.64,2021-01-25,16:00,N,nominal,1.0NRT,281.6,1.2,N
-28.71941,147.6544,310.1,0.47,0.64,2021-01-25,16:00,N,nominal,1.0NRT,280.5,1.2,N
-28.71527,147.65373,300.3,0.47,0.64,2021-01-25,16:00,N,nominal,1.0NRT,281.1,2.4,N
-28.7213,147.6532,308.4,0.47,0.64,2021-01-25,16:00,N,nominal,1.0NRT,279.1,1.7,N
-29.78832,149.28134,310,0.6,0.7,2021-01-25,16:00,N,nominal,1.0NRT,288.4,2.8,N
-29.78865,149.28781,306.6,0.6,0.7,2021-01-25,16:00,N,nominal,1.0NRT,289.4,1.9,N
-30.34653,124.33456,306.4,0.36,0.57,2021-01-25,16:00,N,nominal,1.0NRT,288.1,0.6,N
-30.34936,124.33453,304,0.36,0.57,2021-01-25,16:00,N,nominal,1.0NRT,288,0.7,N
-34.09114,148.98553,304.8,0.61,0.71,2021-01-25,16:00,N,nominal,1.0NRT,291.8,2.2,N
-34.09191,148.97659,309.5,0.61,0.71,2021-01-25,16:00,N,nominal,1.0NRT,293.2,2.2,N
-34.45512,150.87666,304,0.78,0.78,2021-01-25,16:00,N,nominal,1.0NRT,290.4,1.5,N
-34.45532,150.88589,300.7,0.78,0.78,2021-01-25,16:00,N,nominal,1.0NRT,290.2,1.5,N
-34.45404,150.87604,302,0.78,0.78,2021-01-25,16:00,N,nominal,1.0NRT,290.4,1.9,N
-34.46161,150.88492,312.8,0.78,0.78,2021-01-25,16:00,N,nominal,1.0NRT,290.8,4.5,N
-30.86478,121.48456,327.3,0.5,0.66,2021-01-25,16:00,N,nominal,1.0NRT,288,7.6,N
-30.86623,121.48994,336.6,0.5,0.66,2021-01-25,16:00,N,nominal,1.0NRT,288,5.9,N
-24.54984,149.77682,310.4,0.58,0.69,2021-01-25,16:00,N,nominal,1.0NRT,286.5,1.8,N
-24.55026,149.78275,308.2,0.58,0.7,2021-01-25,16:00,N,nominal,1.0NRT,286.7,1.8,N
-24.5486,149.77818,301.5,0.58,0.7,2021-01-25,16:00,N,nominal,1.0NRT,286.5,1.7,N
-24.54899,149.7841,302.9,0.58,0.7,2021-01-25,16:00,N,nominal,1.0NRT,286.6,1.8,N
-24.55515,149.77757,310.1,0.58,0.7,2021-01-25,16:00,N,nominal,1.0NRT,286.6,1.7,N
-24.89718,148.73694,300.8,0.5,0.66,2021-01-25,16:00,N,nominal,1.0NRT,288,0.6,N
-24.89508,148.73697,300.9,0.5,0.66,2021-01-25,16:00,N,nominal,1.0NRT,288.4,1,N
-25.12992,148.94028,299.3,0.52,0.67,2021-01-25,16:00,N,nominal,1.0NRT,287.1,0.5,N
-25.95963,149.95232,310,0.61,0.71,2021-01-25,16:00,N,nominal,1.0NRT,287.7,1.6,N
-25.95624,149.95355,306.8,0.61,0.71,2021-01-25,16:00,N,nominal,1.0NRT,287.9,1.1,N
-26.0892,151.72993,300,0.78,0.78,2021-01-25,16:00,N,nominal,1.0NRT,285.9,1.2,N
-23.99986,131.55315,309,0.56,0.43,2021-01-25,16:00,N,nominal,1.0NRT,294.1,1.4,N
-26.71986,147.65332,301.5,0.45,0.63,2021-01-25,16:00,N,nominal,1.0NRT,286.6,0.5,N
-26.72345,147.65718,302.7,0.45,0.63,2021-01-25,16:00,N,nominal,1.0NRT,289.3,1.8,N
-26.73459,147.64668,311,0.45,0.63,2021-01-25,16:00,N,nominal,1.0NRT,290.6,3.1,N
-27.06119,149.62122,308.9,0.59,0.7,2021-01-25,16:00,N,nominal,1.0NRT,289.3,2.8,N
-27.06158,149.62747,309.2,0.59,0.7,2021-01-25,16:00,N,nominal,1.0NRT,289.7,2.6,N
-27.06742,149.61444,303.9,0.59,0.7,2021-01-25,16:00,N,nominal,1.0NRT,286.5,2.8,N
-27.06414,149.6127,304,0.59,0.7,2021-01-25,16:00,N,nominal,1.0NRT,284,3,N
-27.06485,149.62523,317.7,0.59,0.7,2021-01-25,16:00,N,nominal,1.0NRT,289.5,2.8,N
-17.91625,144.78697,302,0.47,0.48,2021-01-25,16:00,N,nominal,1.0NRT,290.5,0.7,N
-16.86191,135.14108,316.3,0.46,0.39,2021-01-25,16:00,N,nominal,1.0NRT,289.5,1.3,N
-16.86239,135.14279,312.8,0.46,0.39,2021-01-25,16:00,N,nominal,1.0NRT,289.5,1.1,N
-16.86601,135.14211,305.3,0.46,0.39,2021-01-25,16:00,N,nominal,1.0NRT,289.1,1.1,N
-16.86964,135.14143,315.2,0.46,0.39,2021-01-25,16:00,N,nominal,1.0NRT,289.5,1.2,N
-18.72982,144.75293,305.1,0.48,0.48,2021-01-25,16:00,N,nominal,1.0NRT,291.9,0.7,N
-17.91576,138.26579,316.1,0.38,0.36,2021-01-25,16:00,N,nominal,1.0NRT,295.3,1.4,N
-18.60488,138.85634,313.1,0.39,0.36,2021-01-25,16:00,N,nominal,1.0NRT,295.4,0.9,N
-19.68853,144.33333,301.4,0.46,0.47,2021-01-25,16:00,N,nominal,1.0NRT,289.5,1.5,N
-20.34569,146.02603,310.7,0.6,0.53,2021-01-25,16:00,N,nominal,1.0NRT,291.9,1.2,N
-20.34668,146.02563,311.2,0.6,0.53,2021-01-25,16:00,N,nominal,1.0NRT,291.8,2.2,N
-19.60915,140.01559,311.1,0.42,0.37,2021-01-25,16:00,N,nominal,1.0NRT,294.7,0.6,N
-19.91738,139.59578,317.5,0.41,0.37,2021-01-25,16:00,N,nominal,1.0NRT,293.6,2.8,N
-21.66895,148.87918,300.2,0.48,0.64,2021-01-25,16:00,N,nominal,1.0NRT,288.2,1.1,N
-21.66938,148.88388,303.8,0.48,0.64,2021-01-25,16:00,N,nominal,1.0NRT,288.3,0.8,N
-21.67891,148.85458,301.2,0.47,0.64,2021-01-25,16:00,N,nominal,1.0NRT,288.4,1.3,N
-21.67101,148.8826,312.6,0.48,0.64,2021-01-25,16:00,N,nominal,1.0NRT,288.3,1.3,N
-22.38236,149.1555,303.5,0.5,0.66,2021-01-25,16:00,N,nominal,1.0NRT,288.7,0.5,N
-21.87631,140.45999,295.9,0.45,0.39,2021-01-25,16:00,N,nominal,1.0NRT,283.7,1.5,N
-21.87992,140.45941,295.9,0.45,0.39,2021-01-25,16:00,N,nominal,1.0NRT,281.2,2.3,N
-22.72721,147.62802,295.1,0.41,0.6,2021-01-25,16:00,N,nominal,1.0NRT,269.8,1,N
-22.7276,147.63216,309.4,0.41,0.6,2021-01-25,16:00,N,nominal,1.0NRT,275.2,1,N
-22.99851,150.6808,303.9,0.63,0.72,2021-01-25,16:00,N,nominal,1.0NRT,286.9,1.3,N
-22.88103,149.67345,298.9,0.55,0.68,2021-01-25,16:00,N,nominal,1.0NRT,287,0.8,N
-22.72948,147.63228,304.2,0.41,0.6,2021-01-25,16:00,N,nominal,1.0NRT,268.1,1.3,N
-22.99911,150.67886,300.3,0.63,0.72,2021-01-25,16:00,N,nominal,1.0NRT,286.7,1.3,N
-22.97632,148.60075,301.6,0.47,0.64,2021-01-25,16:00,N,nominal,1.0NRT,288.6,0.6,N
-22.98037,147.39493,308.8,0.4,0.6,2021-01-25,16:00,N,nominal,1.0NRT,284.2,1.3,N
-23.22701,149.87047,298.9,0.57,0.69,2021-01-25,16:00,N,nominal,1.0NRT,286.8,1.4,N
-23.02871,147.48871,296.8,0.4,0.6,2021-01-25,16:00,N,nominal,1.0NRT,252.4,1.2,N
-23.026,147.48685,298.7,0.4,0.6,2021-01-25,16:00,N,nominal,1.0NRT,254,0.7,N
-23.22664,149.8705,299.6,0.57,0.69,2021-01-25,16:00,N,nominal,1.0NRT,286.7,1.4,N
-23.63913,149.80185,334.3,0.57,0.69,2021-01-25,16:00,N,nominal,1.0NRT,287.9,4,N
-23.64563,149.80128,313.6,0.57,0.69,2021-01-25,16:00,N,nominal,1.0NRT,287.1,4,N
-23.63943,149.80222,334.6,0.57,0.69,2021-01-25,16:00,N,nominal,1.0NRT,288.1,3.2,N
-23.64593,149.80161,312.2,0.57,0.69,2021-01-25,16:00,N,nominal,1.0NRT,287.3,3.2,N
-24.40633,149.78914,299.9,0.58,0.69,2021-01-25,16:00,N,nominal,1.0NRT,286.1,0.8,N
-21.7727,118.21977,322.4,0.44,0.46,2021-01-25,17:42,N,nominal,1.0NRT,295.2,2.2,N
-21.7689,118.22469,318.5,0.44,0.46,2021-01-25,17:42,N,nominal,1.0NRT,294.9,0.8,N
-20.81828,115.38435,307.8,0.46,0.39,2021-01-25,17:42,N,nominal,1.0NRT,294.6,0.6,N
-20.7933,115.44479,312.3,0.46,0.39,2021-01-25,17:42,N,nominal,1.0NRT,293.7,0.7,N
-20.77757,115.43815,310.8,0.46,0.39,2021-01-25,17:42,N,nominal,1.0NRT,294.8,0.7,N
-31.53259,119.96633,295.9,0.36,0.58,2021-01-25,17:42,N,nominal,1.0NRT,285.5,0.6,N
-22.06937,118.88918,327.7,0.49,0.49,2021-01-25,17:42,N,nominal,1.0NRT,295.1,3.9,N
-22.07388,118.8885,306.4,0.49,0.49,2021-01-25,17:42,N,nominal,1.0NRT,293.9,1.8,N
-22.0795,118.8975,343.8,0.49,0.49,2021-01-25,17:42,N,nominal,1.0NRT,297,9.6,N
-22.08402,118.89686,326,0.49,0.49,2021-01-25,17:42,N,nominal,1.0NRT,294,4.2,N
-22.13319,118.87926,305.3,0.49,0.49,2021-01-25,17:42,N,nominal,1.0NRT,292.7,1.1,N
-21.69661,115.00198,313.3,0.45,0.39,2021-01-25,17:42,N,nominal,1.0NRT,295.9,2.6,N
-30.86134,121.49081,319.8,0.44,0.62,2021-01-25,17:42,N,nominal,1.0NRT,286.8,4.2,N
-30.86166,121.49568,300.6,0.44,0.62,2021-01-25,17:42,N,nominal,1.0NRT,286.8,2.3,N
-30.8672,121.49019,336,0.44,0.62,2021-01-25,17:42,N,nominal,1.0NRT,287.5,4.2,N
-30.86752,121.49501,313.8,0.44,0.62,2021-01-25,17:42,N,nominal,1.0NRT,286.7,2.3,N
-30.86596,121.494,347.4,0.44,0.62,2021-01-25,17:42,N,nominal,1.0NRT,287.5,4.9,N
-30.86567,121.48917,319.8,0.44,0.62,2021-01-25,17:42,N,nominal,1.0NRT,287.1,4.9,N
-31.52718,119.96684,304.7,0.36,0.58,2021-01-25,17:42,N,nominal,1.0NRT,286.1,0.6,N
-20.59597,116.77644,305.8,0.53,0.42,2021-01-25,17:42,N,nominal,1.0NRT,287.4,1.7,N
